,qtd_cartao_amarelo_mandante
0,2.0
1,2.0
2,2.0
3,3.0
4,1.0
5,2.0
6,3.0
7,1.0
8,2.0
9,3.0
10,2.0
11,2.0
12,2.0
13,2.0
14,2.0
15,2.0
16,1.0
17,3.0
18,1.0
19,3.0
20,2.0
21,6.0
22,6.0
23,6.0
24,5.0
25,4.0
26,2.0
27,5.0
28,2.0
29,1.0
30,4.0
31,4.0
32,0.0
33,1.0
34,1.0
35,0.0
36,5.0
37,3.0
38,6.0
39,3.0
40,1.0
41,2.0
42,3.0
43,5.0
44,2.0
45,3.0
46,2.0
47,1.0
48,2.0
49,1.0
2987,0.0
50,1.0
51,2.0
52,4.0
53,1.0
54,3.0
55,4.0
56,3.0
57,2.0
58,3.0
59,1.0
60,2.0
61,2.0
62,0.0
63,0.0
64,2.0
65,3.0
66,4.0
67,0.0
68,1.0
69,4.0
70,2.0
71,0.0
72,5.0
73,4.0
74,4.0
75,4.0
76,2.0
77,1.0
78,2.0
79,3.0
80,1.0
81,0.0
82,2.0
83,1.0
84,2.0
85,1.0
86,5.0
87,4.0
88,3.0
89,2.0
90,3.0
91,0.0
92,3.0
93,3.0
94,5.0
95,2.0
96,1.0
97,2.0
98,2.0
99,1.0
100,1.0
101,0.0
102,6.0
103,2.0
104,1.0
105,4.0
106,3.0
107,3.0
108,1.0
109,1.0
110,0.0
111,4.0
112,1.0
113,2.0
114,2.0
115,3.0
116,3.0
117,1.0
118,2.0
119,1.0
120,1.0
121,1.0
122,1.0
123,4.0
124,0.0
125,1.0
126,2.0
127,2.0
128,4.0
129,1.0
130,1.0
131,1.0
132,2.0
133,1.0
134,1.0
135,2.0
136,3.0
137,1.0
138,2.0
139,3.0
2988,0.0
140,2.0
141,2.0
142,2.0
143,2.0
144,3.0
145,0.0
146,2.0
147,3.0
148,0.0
149,0.0
150,3.0
151,4.0
152,1.0
153,2.0
154,3.0
155,2.0
156,4.0
157,1.0
158,2.0
159,1.0
2989,0.0
160,2.0
161,4.0
162,4.0
163,2.0
164,2.0
165,2.0
166,1.0
167,3.0
168,2.0
169,3.0
170,1.0
171,3.0
172,6.0
173,2.0
174,1.0
175,1.0
176,2.0
177,3.0
178,2.0
179,1.0
180,2.0
181,0.0
182,1.0
183,2.0
2990,0.0
184,1.0
185,4.0
186,3.0
187,1.0
188,1.0
189,3.0
190,1.0
191,3.0
192,1.0
193,2.0
194,4.0
195,1.0
196,2.0
197,4.0
198,5.0
199,2.0
200,0.0
201,3.0
202,1.0
203,2.0
204,3.0
205,1.0
206,4.0
207,2.0
208,3.0
209,1.0
210,5.0
211,2.0
212,0.0
213,3.0
214,0.0
215,4.0
2991,0.0
216,3.0
217,4.0
218,0.0
219,1.0
220,3.0
221,6.0
222,2.0
223,6.0
224,1.0
225,3.0
226,3.0
227,5.0
228,2.0
229,1.0
230,1.0
231,0.0
232,3.0
233,4.0
234,3.0
235,4.0
236,4.0
237,5.0
238,0.0
239,3.0
240,3.0
241,2.0
242,2.0
243,2.0
244,2.0
245,4.0
246,1.0
247,2.0
248,2.0
249,1.0
250,1.0
251,2.0
252,4.0
253,2.0
254,2.0
255,2.0
256,1.0
257,3.0
258,0.0
259,2.0
260,2.0
261,2.0
262,3.0
263,2.0
264,7.0
265,4.0
266,1.0
267,2.0
268,1.0
269,5.0
270,2.0
271,3.0
272,1.0
273,3.0
274,0.0
275,2.0
276,1.0
277,1.0
278,4.0
279,2.0
280,3.0
281,3.0
282,1.0
283,2.0
284,0.0
285,2.0
286,2.0
287,6.0
288,1.0
289,2.0
290,0.0
291,5.0
292,4.0
293,1.0
294,3.0
295,3.0
296,2.0
297,3.0
298,2.0
299,2.0
300,0.0
301,2.0
302,3.0
303,0.0
304,0.0
305,1.0
306,1.0
307,5.0
308,2.0
309,3.0
310,4.0
311,1.0
312,1.0
313,4.0
314,2.0
315,1.0
316,3.0
317,3.0
318,2.0
319,3.0
320,3.0
321,0.0
322,1.0
323,2.0
324,3.0
325,2.0
326,0.0
327,1.0
328,3.0
329,1.0
330,1.0
331,1.0
332,2.0
333,3.0
334,2.0
335,2.0
336,1.0
337,4.0
338,4.0
339,2.0
340,3.0
341,4.0
2992,0.0
342,2.0
343,2.0
344,2.0
345,5.0
346,3.0
347,4.0
348,1.0
349,2.0
350,3.0
351,2.0
352,3.0
353,3.0
354,1.0
355,3.0
356,1.0
357,6.0
358,2.0
359,3.0
360,5.0
361,3.0
362,3.0
363,1.0
364,2.0
365,0.0
366,4.0
367,0.0
368,4.0
369,4.0
370,2.0
2993,0.0
371,3.0
372,1.0
373,1.0
374,2.0
375,2.0
376,1.0
377,3.0
378,1.0
379,2.0
380,1.0
2994,0.0
381,3.0
382,3.0
383,3.0
384,3.0
385,5.0
386,3.0
387,5.0
388,0.0
389,4.0
390,3.0
391,3.0
392,2.0
393,2.0
394,4.0
395,4.0
396,2.0
397,1.0
398,2.0
399,3.0
400,3.0
401,1.0
402,1.0
403,2.0
404,1.0
405,2.0
406,2.0
407,1.0
408,4.0
409,2.0
410,0.0
411,1.0
412,5.0
413,0.0
414,6.0
415,4.0
416,2.0
417,2.0
418,1.0
419,1.0
420,5.0
421,2.0
422,0.0
423,3.0
424,2.0
425,2.0
426,1.0
427,1.0
428,1.0
429,1.0
430,2.0
431,2.0
432,2.0
433,3.0
434,4.0
435,1.0
436,5.0
437,3.0
438,4.0
439,4.0
440,2.0
441,1.0
442,5.0
443,2.0
444,0.0
445,1.0
446,3.0
447,2.0
448,4.0
2995,0.0
449,2.0
450,2.0
451,1.0
452,2.0
453,0.0
454,1.0
455,0.0
456,2.0
457,1.0
458,3.0
459,2.0
460,0.0
461,0.0
462,4.0
463,0.0
464,1.0
465,1.0
466,3.0
467,2.0
468,4.0
469,0.0
470,2.0
471,4.0
472,3.0
473,3.0
474,0.0
475,3.0
476,1.0
477,4.0
478,2.0
479,3.0
480,3.0
481,1.0
482,4.0
483,3.0
484,3.0
485,4.0
486,4.0
487,2.0
488,2.0
489,1.0
2996,0.0
490,1.0
491,2.0
492,3.0
493,4.0
494,1.0
495,3.0
496,2.0
497,1.0
498,2.0
499,4.0
500,1.0
501,1.0
502,2.0
503,1.0
504,1.0
505,0.0
506,1.0
507,3.0
508,1.0
509,3.0
510,2.0
511,3.0
512,2.0
513,4.0
514,1.0
515,0.0
516,3.0
517,3.0
518,0.0
519,2.0
520,2.0
521,2.0
522,1.0
523,3.0
524,0.0
525,3.0
526,1.0
527,1.0
528,3.0
529,1.0
530,3.0
531,2.0
532,1.0
533,4.0
534,4.0
535,1.0
536,2.0
537,1.0
538,4.0
539,2.0
540,2.0
541,1.0
542,2.0
543,3.0
544,2.0
545,1.0
546,2.0
547,1.0
548,1.0
549,3.0
550,2.0
551,2.0
552,4.0
553,2.0
554,1.0
555,4.0
556,5.0
557,0.0
558,4.0
559,3.0
560,2.0
561,2.0
562,2.0
563,4.0
564,2.0
565,4.0
566,1.0
567,2.0
568,3.0
569,1.0
570,1.0
571,1.0
572,2.0
573,0.0
574,1.0
575,0.0
576,3.0
577,1.0
578,4.0
579,2.0
580,2.0
581,3.0
582,3.0
583,4.0
584,7.0
585,4.0
586,2.0
587,4.0
588,3.0
589,3.0
590,3.0
591,1.0
592,5.0
593,2.0
594,3.0
595,1.0
596,3.0
597,2.0
598,1.0
599,4.0
600,2.0
601,2.0
602,2.0
603,4.0
604,2.0
605,0.0
606,2.0
607,2.0
608,4.0
609,1.0
610,2.0
611,0.0
612,2.0
613,3.0
614,3.0
615,2.0
616,0.0
617,3.0
618,0.0
619,3.0
620,2.0
621,2.0
622,1.0
623,0.0
624,4.0
625,2.0
626,1.0
627,1.0
628,2.0
629,1.0
630,2.0
631,3.0
632,2.0
633,2.0
634,1.0
635,4.0
636,4.0
637,1.0
638,2.0
639,2.0
640,1.0
641,4.0
642,1.0
643,2.0
644,4.0
645,2.0
646,3.0
647,2.0
648,6.0
649,2.0
650,2.0
651,3.0
652,0.0
2997,0.0
653,0.0
654,2.0
655,2.0
656,1.0
657,2.0
658,2.0
659,1.0
660,4.0
661,2.0
662,3.0
663,1.0
664,4.0
2998,0.0
665,3.0
666,2.0
667,2.0
668,2.0
669,1.0
670,0.0
671,3.0
672,4.0
673,2.0
674,0.0
675,1.0
676,1.0
677,1.0
678,0.0
679,0.0
680,2.0
681,2.0
682,3.0
683,0.0
684,0.0
685,2.0
686,2.0
2999,0.0
687,2.0
688,3.0
689,0.0
690,1.0
691,1.0
692,5.0
693,3.0
694,2.0
695,4.0
696,0.0
697,3.0
698,3.0
699,1.0
700,1.0
701,2.0
3000,0.0
702,2.0
703,1.0
704,1.0
705,4.0
706,3.0
707,3.0
708,3.0
709,2.0
710,1.0
711,3.0
712,3.0
713,3.0
714,1.0
715,2.0
716,4.0
717,3.0
718,0.0
719,0.0
720,0.0
721,3.0
722,1.0
723,1.0
724,3.0
725,2.0
726,1.0
727,5.0
728,3.0
729,1.0
730,1.0
731,1.0
732,3.0
733,3.0
734,3.0
735,5.0
736,0.0
737,1.0
738,2.0
739,2.0
740,2.0
741,5.0
742,2.0
743,1.0
744,0.0
745,2.0
746,2.0
747,1.0
748,0.0
749,0.0
750,0.0
751,0.0
752,0.0
753,2.0
754,1.0
755,6.0
756,2.0
757,1.0
758,4.0
759,2.0
760,0.0
761,0.0
762,1.0
763,3.0
764,1.0
765,2.0
766,3.0
767,3.0
768,2.0
769,1.0
770,2.0
771,2.0
772,4.0
773,1.0
774,2.0
775,3.0
776,0.0
777,0.0
778,2.0
779,4.0
780,2.0
781,2.0
782,2.0
783,1.0
784,0.0
785,3.0
786,3.0
787,4.0
788,4.0
789,0.0
790,2.0
791,1.0
792,1.0
793,4.0
794,4.0
795,4.0
796,0.0
797,4.0
798,2.0
799,2.0
800,3.0
801,1.0
802,3.0
803,1.0
804,0.0
805,2.0
806,3.0
807,1.0
808,1.0
809,2.0
810,1.0
811,3.0
812,0.0
813,1.0
814,4.0
815,1.0
816,4.0
817,3.0
818,2.0
819,2.0
820,1.0
821,0.0
822,2.0
3001,0.0
823,5.0
824,2.0
825,2.0
826,5.0
827,1.0
828,3.0
829,2.0
830,3.0
831,2.0
832,2.0
833,3.0
834,0.0
835,2.0
836,4.0
837,1.0
838,0.0
839,0.0
840,6.0
841,2.0
842,5.0
843,1.0
844,3.0
845,3.0
846,1.0
847,5.0
848,4.0
849,1.0
850,3.0
851,2.0
852,3.0
853,3.0
854,1.0
855,4.0
856,2.0
857,1.0
858,4.0
859,1.0
860,1.0
861,4.0
862,1.0
863,2.0
864,1.0
865,1.0
866,3.0
867,3.0
868,3.0
869,4.0
870,0.0
871,2.0
872,2.0
873,2.0
3002,0.0
874,2.0
875,4.0
876,2.0
877,4.0
878,3.0
879,1.0
880,2.0
881,4.0
882,4.0
883,3.0
884,5.0
885,2.0
886,1.0
887,4.0
888,3.0
889,2.0
890,3.0
891,2.0
892,3.0
893,2.0
894,1.0
895,1.0
896,2.0
897,3.0
898,2.0
899,2.0
900,1.0
901,5.0
902,1.0
903,0.0
904,1.0
905,1.0
906,4.0
907,2.0
908,0.0
909,4.0
910,4.0
911,3.0
912,1.0
913,5.0
914,5.0
915,3.0
916,3.0
917,3.0
918,4.0
919,5.0
920,1.0
921,4.0
922,4.0
923,1.0
924,1.0
925,4.0
926,3.0
927,3.0
3003,0.0
928,1.0
929,4.0
930,3.0
931,1.0
932,2.0
933,1.0
934,5.0
935,1.0
936,4.0
937,1.0
938,2.0
939,3.0
940,2.0
941,1.0
942,1.0
943,2.0
944,2.0
945,1.0
946,0.0
947,1.0
948,4.0
949,3.0
950,1.0
951,1.0
952,2.0
953,1.0
954,4.0
955,1.0
956,2.0
957,0.0
958,0.0
959,4.0
960,2.0
961,1.0
962,3.0
963,3.0
964,2.0
965,1.0
966,3.0
967,4.0
968,1.0
969,2.0
3004,0.0
970,1.0
971,2.0
972,2.0
973,2.0
974,1.0
975,1.0
976,3.0
977,3.0
978,0.0
979,5.0
980,3.0
981,2.0
982,1.0
983,2.0
984,4.0
985,2.0
986,4.0
987,2.0
988,1.0
989,4.0
990,1.0
991,3.0
992,4.0
993,3.0
994,3.0
995,2.0
996,0.0
997,1.0
998,2.0
999,1.0
1000,5.0
1001,5.0
1002,5.0
1003,1.0
1004,2.0
1005,2.0
1006,2.0
1007,2.0
1008,4.0
1009,0.0
1010,2.0
1011,3.0
1012,1.0
1013,1.0
3005,0.0
1014,5.0
1015,1.0
1016,2.0
1017,2.0
1018,3.0
1019,1.0
1020,2.0
1021,1.0
1022,2.0
1023,2.0
1024,2.0
1025,1.0
1026,0.0
1027,0.0
1028,5.0
1029,1.0
1030,1.0
1031,1.0
1032,2.0
1033,2.0
1034,1.0
1035,0.0
1036,2.0
1037,1.0
1038,5.0
1039,3.0
1040,1.0
1041,1.0
1042,1.0
1043,4.0
1044,1.0
1045,1.0
1046,1.0
1047,3.0
1048,1.0
1049,0.0
1050,1.0
1051,3.0
1052,2.0
1053,1.0
1054,6.0
1055,1.0
3006,0.0
1056,1.0
1057,3.0
1058,3.0
1059,4.0
1060,2.0
1061,2.0
1062,2.0
1063,2.0
1064,2.0
1065,4.0
1066,1.0
1067,6.0
1068,3.0
1069,0.0
1070,3.0
1071,2.0
1072,0.0
1073,0.0
1074,0.0
1075,1.0
1076,4.0
1077,2.0
1078,0.0
1079,1.0
1080,4.0
1081,1.0
1082,1.0
1083,1.0
1084,1.0
1085,1.0
1086,0.0
1087,3.0
1088,3.0
1089,4.0
1090,4.0
1091,3.0
1092,4.0
1093,2.0
1094,1.0
1095,2.0
1096,2.0
1097,2.0
1098,2.0
1099,4.0
1100,3.0
1101,4.0
1102,3.0
1103,4.0
1104,3.0
1105,2.0
1106,3.0
1107,5.0
1108,3.0
1109,7.0
1110,1.0
1111,2.0
1112,3.0
1113,3.0
1114,1.0
1115,4.0
1116,3.0
1117,5.0
1118,3.0
1119,3.0
1120,3.0
1121,0.0
1122,1.0
1123,4.0
1124,2.0
3007,0.0
1125,1.0
1126,4.0
1127,1.0
1128,4.0
1129,1.0
1130,1.0
1131,1.0
1132,2.0
1133,3.0
1134,1.0
1135,2.0
1136,3.0
1137,1.0
1138,1.0
1139,2.0
1140,1.0
1141,4.0
1142,1.0
1143,4.0
1144,3.0
1145,4.0
1146,2.0
1147,1.0
1148,4.0
1149,4.0
1150,2.0
1151,5.0
1152,1.0
1153,1.0
1154,2.0
1155,1.0
1156,1.0
1157,1.0
1158,3.0
1159,2.0
1160,2.0
1161,2.0
1162,2.0
1163,5.0
1164,2.0
1165,1.0
1166,2.0
1167,1.0
1168,3.0
1169,2.0
1170,3.0
1171,4.0
1172,4.0
1173,2.0
1174,2.0
1175,2.0
1176,1.0
1177,1.0
1178,1.0
1179,3.0
1180,1.0
1181,3.0
1182,3.0
1183,1.0
1184,1.0
1185,1.0
1186,4.0
1187,4.0
1188,3.0
1189,3.0
1190,4.0
1191,2.0
1192,2.0
1193,1.0
1194,3.0
1195,0.0
1196,2.0
1197,1.0
1198,3.0
1199,2.0
1200,2.0
1201,4.0
1202,3.0
1203,2.0
1204,1.0
1205,0.0
1206,2.0
1207,6.0
1208,4.0
1209,3.0
1210,0.0
1211,3.0
1212,2.0
1213,2.0
1214,1.0
1215,4.0
1216,5.0
1217,2.0
1218,3.0
1219,2.0
1220,4.0
1221,2.0
1222,2.0
1223,4.0
1224,2.0
1225,3.0
1226,2.0
1227,3.0
1228,4.0
1229,5.0
1230,2.0
1231,3.0
1232,8.0
1233,4.0
1234,0.0
1235,2.0
1236,2.0
1237,1.0
3008,0.0
1238,2.0
1239,2.0
1240,1.0
1241,3.0
1242,1.0
1243,3.0
1244,4.0
1245,4.0
1246,4.0
1247,0.0
1248,2.0
1249,5.0
1250,2.0
1251,3.0
1252,3.0
1253,1.0
1254,1.0
1255,1.0
1256,2.0
1257,2.0
1258,1.0
1259,0.0
1260,1.0
1261,2.0
1262,2.0
1263,4.0
1264,2.0
1265,3.0
1266,1.0
1267,5.0
1268,2.0
1269,4.0
1270,1.0
1271,3.0
1272,1.0
1273,2.0
1274,2.0
1275,1.0
1276,4.0
1277,1.0
1278,3.0
1279,2.0
1280,3.0
1281,4.0
1282,1.0
1283,2.0
1284,4.0
1285,1.0
1286,1.0
1287,3.0
1288,1.0
1289,3.0
1290,2.0
1291,2.0
1292,1.0
1293,2.0
1294,2.0
1295,2.0
1296,1.0
1297,3.0
1298,1.0
1299,3.0
1300,2.0
1301,1.0
1302,3.0
1303,1.0
1304,1.0
1305,1.0
1306,3.0
1307,3.0
1308,1.0
1309,3.0
1310,3.0
1311,2.0
1312,2.0
1313,2.0
1314,2.0
1315,2.0
1316,1.0
1317,1.0
1318,3.0
1319,2.0
1320,4.0
1321,2.0
1322,3.0
1323,3.0
1324,2.0
1325,2.0
1326,3.0
1327,5.0
1328,2.0
1329,1.0
1330,1.0
1331,2.0
1332,2.0
1333,3.0
1334,2.0
1335,3.0
1336,4.0
1337,1.0
1338,3.0
1339,6.0
1340,2.0
1341,2.0
1342,3.0
1343,4.0
1344,2.0
1345,1.0
1346,1.0
1347,3.0
1348,3.0
1349,2.0
1350,1.0
1351,2.0
1352,3.0
1353,5.0
1354,4.0
1355,4.0
1356,4.0
1357,2.0
1358,1.0
1359,3.0
1360,1.0
1361,3.0
1362,1.0
1363,3.0
1364,7.0
1365,2.0
1366,4.0
1367,1.0
1368,3.0
1369,0.0
1370,2.0
1371,0.0
1372,2.0
1373,1.0
1374,2.0
1375,3.0
1376,5.0
1377,1.0
1378,0.0
1379,2.0
1380,5.0
1381,1.0
1382,2.0
1383,1.0
1384,3.0
1385,4.0
1386,1.0
1387,4.0
1388,2.0
1389,3.0
1390,3.0
1391,3.0
1392,2.0
1393,2.0
1394,1.0
1395,3.0
1396,1.0
1397,2.0
1398,3.0
1399,3.0
1400,3.0
1401,6.0
1402,0.0
1403,4.0
1404,1.0
1405,0.0
1406,1.0
3009,0.0
1407,2.0
1408,3.0
1409,0.0
1410,1.0
1411,2.0
1412,5.0
1413,2.0
1414,1.0
1415,1.0
1416,1.0
1417,3.0
1418,2.0
1419,2.0
1420,3.0
1421,3.0
1422,2.0
1423,0.0
1424,2.0
1425,2.0
1426,2.0
1427,4.0
1428,3.0
1429,3.0
1430,3.0
1431,2.0
1432,1.0
1433,2.0
1434,1.0
1435,3.0
1436,3.0
1437,1.0
1438,4.0
1439,4.0
1440,3.0
1441,2.0
1442,3.0
1443,2.0
1444,0.0
1445,2.0
1446,1.0
1447,2.0
1448,4.0
1449,4.0
1450,6.0
1451,2.0
1452,1.0
1453,3.0
1454,1.0
1455,1.0
1456,2.0
1457,3.0
1458,3.0
1459,4.0
1460,6.0
1461,1.0
1462,2.0
1463,2.0
1464,2.0
1465,4.0
1466,1.0
1467,2.0
1468,2.0
1469,0.0
1470,2.0
1471,2.0
1472,2.0
1473,2.0
1474,2.0
1475,2.0
1476,4.0
1477,3.0
1478,6.0
1479,2.0
1480,4.0
1481,3.0
1482,2.0
1483,2.0
1484,1.0
1485,2.0
1486,4.0
1487,4.0
1488,3.0
1489,2.0
1490,4.0
1491,3.0
1492,1.0
1493,5.0
1494,0.0
1495,2.0
1496,0.0
1497,0.0
1498,1.0
1499,4.0
1500,3.0
1501,1.0
1502,1.0
1503,0.0
1504,1.0
1505,4.0
1506,3.0
3010,0.0
1507,2.0
1508,1.0
1509,4.0
1510,3.0
3011,0.0
1511,3.0
1512,3.0
1513,3.0
1514,2.0
1515,2.0
1516,0.0
1517,1.0
1518,1.0
1519,0.0
1520,1.0
1521,1.0
1522,2.0
1523,1.0
1524,3.0
1525,2.0
1526,2.0
1527,2.0
1528,2.0
1529,1.0
1530,0.0
1531,1.0
1532,2.0
1533,2.0
1534,3.0
1535,2.0
1536,3.0
1537,1.0
1538,2.0
1539,1.0
1540,1.0
1541,1.0
1542,1.0
1543,3.0
1544,10.0
1545,1.0
1546,4.0
1547,5.0
1548,1.0
1549,1.0
1550,2.0
1551,3.0
1552,3.0
1553,4.0
1554,1.0
1555,1.0
1556,2.0
1557,2.0
1558,1.0
1559,2.0
1560,0.0
1561,2.0
3012,0.0
1562,1.0
1563,0.0
1564,2.0
1565,1.0
1566,1.0
1567,2.0
1568,5.0
1569,2.0
1570,2.0
1571,1.0
1572,2.0
1573,1.0
1574,1.0
1575,1.0
1576,3.0
1577,4.0
1578,0.0
1579,2.0
1580,1.0
1581,2.0
1582,1.0
1583,2.0
1584,2.0
1585,2.0
1586,3.0
1587,1.0
1588,2.0
1589,3.0
3013,0.0
1590,3.0
1591,2.0
1592,4.0
1593,2.0
1594,3.0
1595,2.0
1596,3.0
1597,2.0
1598,1.0
1599,1.0
1600,4.0
1601,1.0
1602,1.0
1603,1.0
1604,1.0
1605,3.0
1606,1.0
1607,5.0
1608,2.0
1609,1.0
1610,2.0
1611,4.0
1612,3.0
1613,1.0
1614,3.0
1615,2.0
1616,1.0
1617,1.0
1618,4.0
1619,2.0
1620,4.0
1621,3.0
1622,3.0
1623,6.0
1624,4.0
1625,4.0
1626,3.0
1627,6.0
1628,4.0
1629,3.0
1630,4.0
1631,3.0
1632,2.0
1633,2.0
1634,0.0
1635,3.0
3014,0.0
1636,1.0
1637,3.0
1638,2.0
1639,2.0
1640,1.0
1641,0.0
1642,3.0
1643,2.0
1644,4.0
1645,3.0
1646,3.0
1647,0.0
1648,3.0
1649,2.0
1650,0.0
1651,1.0
1652,1.0
1653,2.0
1654,1.0
1655,4.0
1656,2.0
1657,3.0
1658,3.0
1659,0.0
1660,3.0
1661,3.0
1662,1.0
1663,1.0
1664,1.0
1665,1.0
1666,5.0
1667,2.0
1668,3.0
1669,4.0
1670,3.0
1671,2.0
1672,2.0
1673,2.0
1674,1.0
1675,1.0
1676,0.0
1677,1.0
1678,0.0
1679,4.0
1680,1.0
1681,3.0
1682,2.0
1683,2.0
1684,1.0
1685,0.0
1686,4.0
1687,1.0
1688,3.0
1689,4.0
1690,3.0
1691,2.0
1692,1.0
1693,1.0
1694,2.0
1695,0.0
1696,2.0
1697,1.0
1698,3.0
1699,3.0
1700,3.0
1701,3.0
1702,3.0
1703,1.0
1704,3.0
1705,1.0
1706,0.0
1707,0.0
1708,1.0
1709,3.0
1710,0.0
1711,4.0
1712,3.0
1713,3.0
1714,2.0
1715,5.0
1716,1.0
1717,1.0
1718,3.0
1719,4.0
1720,3.0
1721,2.0
1722,4.0
1723,4.0
1724,2.0
1725,0.0
1726,4.0
1727,1.0
1728,2.0
1729,1.0
1730,0.0
1731,2.0
1732,0.0
1733,2.0
1734,2.0
1735,2.0
1736,1.0
1737,2.0
1738,0.0
1739,4.0
1740,1.0
1741,3.0
1742,3.0
1743,1.0
1744,2.0
1745,1.0
1746,3.0
1747,1.0
1748,1.0
1749,3.0
1750,0.0
1751,4.0
1752,3.0
1753,3.0
1754,4.0
1755,3.0
1756,3.0
1757,2.0
1758,1.0
1759,2.0
1760,2.0
1761,3.0
1762,3.0
1763,1.0
1764,1.0
1765,3.0
1766,1.0
1767,3.0
3015,0.0
1768,3.0
1769,1.0
3016,0.0
1770,4.0
1771,3.0
1772,1.0
1773,2.0
1774,6.0
1775,5.0
1776,5.0
1777,3.0
1778,1.0
1779,3.0
1780,2.0
1781,2.0
1782,2.0
1783,0.0
1784,3.0
1785,2.0
1786,1.0
1787,3.0
1788,1.0
1789,2.0
1790,0.0
1791,5.0
1792,3.0
1793,7.0
1794,1.0
1795,2.0
1796,2.0
1797,5.0
1798,3.0
1799,4.0
1800,2.0
1801,3.0
1802,1.0
1803,2.0
1804,1.0
1805,2.0
1806,4.0
1807,2.0
1808,4.0
1809,6.0
1810,2.0
1811,2.0
1812,3.0
1813,2.0
1814,4.0
1815,3.0
1816,4.0
1817,0.0
1818,2.0
1819,0.0
1820,2.0
1821,1.0
1822,2.0
1823,2.0
1824,4.0
1825,0.0
1826,0.0
1827,2.0
1828,3.0
1829,2.0
1830,2.0
1831,1.0
1832,3.0
1833,2.0
1834,0.0
1835,3.0
1836,2.0
1837,4.0
1838,0.0
1839,2.0
1840,7.0
1841,4.0
1842,1.0
1843,1.0
1844,3.0
1845,3.0
1846,3.0
3017,0.0
1847,3.0
1848,2.0
1849,3.0
1850,1.0
1851,1.0
1852,2.0
1853,3.0
1854,0.0
1855,5.0
1856,3.0
1857,0.0
1858,1.0
1859,2.0
1860,0.0
1861,1.0
1862,4.0
1863,0.0
1864,1.0
1865,2.0
1866,2.0
1867,2.0
1868,3.0
1869,3.0
1870,3.0
1871,0.0
1872,3.0
1873,2.0
1874,2.0
1875,2.0
1876,3.0
1877,1.0
1878,3.0
1879,0.0
1880,3.0
1881,0.0
1882,1.0
1883,3.0
1884,3.0
1885,1.0
1886,2.0
1887,2.0
1888,2.0
1889,5.0
1890,1.0
1891,2.0
1892,1.0
1893,2.0
1894,2.0
1895,1.0
1896,2.0
1897,1.0
1898,3.0
1899,5.0
1900,5.0
1901,4.0
1902,3.0
1903,2.0
1904,2.0
1905,5.0
1906,3.0
1907,2.0
1908,4.0
1909,1.0
1910,5.0
1911,3.0
1912,5.0
1913,5.0
1914,2.0
1915,2.0
1916,1.0
1917,0.0
1918,2.0
1919,3.0
1920,1.0
1921,4.0
1922,2.0
1923,2.0
1924,1.0
1925,4.0
1926,0.0
1927,1.0
1928,3.0
1929,4.0
1930,2.0
1931,2.0
1932,3.0
1933,1.0
1934,6.0
1935,1.0
1936,1.0
1937,2.0
1938,2.0
1939,3.0
1940,1.0
1941,1.0
1942,2.0
1943,1.0
1944,3.0
1945,2.0
1946,1.0
3018,0.0
1947,1.0
1948,3.0
1949,3.0
1950,1.0
1951,2.0
1952,3.0
1953,1.0
1954,1.0
1955,1.0
1956,1.0
1957,1.0
1958,5.0
1959,5.0
1960,4.0
1961,1.0
1962,1.0
1963,0.0
1964,3.0
1965,1.0
1966,2.0
1967,4.0
1968,3.0
1969,2.0
1970,1.0
1971,1.0
1972,2.0
1973,1.0
1974,4.0
1975,2.0
1976,2.0
1977,3.0
1978,4.0
1979,2.0
1980,1.0
1981,2.0
1982,4.0
1983,3.0
1984,2.0
1985,1.0
1986,1.0
1987,1.0
1988,1.0
1989,1.0
1990,0.0
1991,2.0
1992,3.0
1993,5.0
1994,4.0
1995,2.0
1996,3.0
1997,2.0
1998,0.0
1999,4.0
2000,2.0
2001,3.0
2002,3.0
2003,4.0
2004,3.0
2005,3.0
2006,3.0
2007,2.0
2008,1.0
2009,2.0
2010,0.0
2011,2.0
2012,2.0
2013,3.0
2014,1.0
2015,4.0
2016,2.0
2017,3.0
2018,3.0
2019,3.0
2020,3.0
2021,3.0
2022,3.0
2023,2.0
2024,5.0
2025,2.0
2026,5.0
2027,3.0
2028,5.0
2029,3.0
2030,4.0
2031,4.0
2032,1.0
2033,2.0
2034,2.0
2035,4.0
2036,2.0
2037,1.0
2038,0.0
2039,3.0
2040,1.0
2041,1.0
2042,5.0
2043,3.0
2044,6.0
2045,3.0
2046,0.0
2047,4.0
2048,2.0
2049,4.0
2050,2.0
2051,4.0
2052,2.0
2053,4.0
2054,5.0
2055,2.0
2056,1.0
2057,3.0
2058,2.0
2059,3.0
2060,1.0
2061,2.0
2062,1.0
2063,5.0
2064,2.0
2065,0.0
2066,0.0
2067,0.0
2068,1.0
2069,5.0
2070,3.0
2071,2.0
2072,1.0
2073,2.0
2074,2.0
2075,3.0
2076,0.0
2077,2.0
2078,0.0
2079,1.0
2080,2.0
2081,2.0
2082,4.0
2083,2.0
2084,1.0
2085,2.0
2086,1.0
2087,2.0
2088,2.0
2089,2.0
2090,2.0
2091,3.0
2092,0.0
2093,1.0
2094,3.0
2095,2.0
2096,5.0
2097,2.0
2098,3.0
2099,1.0
2100,4.0
2101,2.0
2102,4.0
2103,4.0
2104,2.0
2105,2.0
2106,3.0
2107,2.0
2108,3.0
2109,4.0
2110,2.0
2111,4.0
2112,0.0
2113,2.0
2114,0.0
2115,0.0
2116,6.0
2117,2.0
2118,3.0
2119,2.0
2120,4.0
2121,3.0
2122,2.0
2123,2.0
2124,1.0
2125,1.0
2126,1.0
3019,0.0
2127,4.0
2128,3.0
2129,3.0
2130,1.0
2131,3.0
2132,0.0
2133,3.0
2134,2.0
2135,2.0
2136,2.0
2137,3.0
2138,4.0
2139,3.0
2140,1.0
2141,2.0
2142,6.0
2143,3.0
2144,2.0
2145,1.0
2146,5.0
2147,2.0
2148,4.0
2149,2.0
2150,3.0
2151,2.0
2152,0.0
2153,1.0
2154,4.0
2155,1.0
2156,3.0
2157,1.0
2158,2.0
2159,2.0
2160,2.0
2161,2.0
2162,1.0
2163,0.0
2164,5.0
2165,3.0
2166,2.0
2167,2.0
2168,1.0
2169,1.0
2170,2.0
3020,0.0
2171,2.0
2172,3.0
2173,1.0
2174,1.0
2175,1.0
2176,4.0
2177,2.0
2178,2.0
2179,3.0
2180,2.0
2181,3.0
2182,4.0
2183,2.0
2184,5.0
2185,1.0
2186,0.0
2187,3.0
2188,3.0
2189,0.0
2190,3.0
2191,1.0
2192,2.0
2193,2.0
3023,0.0
2194,5.0
2195,3.0
3021,0.0
2196,3.0
2197,1.0
2198,2.0
2199,1.0
2200,3.0
2201,1.0
2202,2.0
2203,3.0
2204,2.0
2205,4.0
3022,0.0
2206,2.0
2207,2.0
2208,4.0
2209,0.0
2210,3.0
2211,2.0
2212,4.0
2213,1.0
2214,0.0
2215,1.0
2216,1.0
2217,3.0
2218,0.0
2219,5.0
2220,1.0
2221,3.0
2222,1.0
2223,4.0
2224,4.0
2225,1.0
2226,4.0
2227,3.0
2228,3.0
2229,2.0
2230,2.0
2231,3.0
2232,4.0
3024,0.0
2233,0.0
2234,0.0
2235,0.0
2236,3.0
2237,6.0
2238,3.0
2239,1.0
3025,0.0
2240,1.0
2241,3.0
2242,1.0
2243,2.0
2244,2.0
2245,3.0
2246,5.0
2247,1.0
2248,1.0
2249,4.0
2250,4.0
2251,3.0
2252,2.0
2253,2.0
2254,2.0
2255,1.0
2256,0.0
2257,2.0
2258,3.0
2259,3.0
2260,2.0
2261,3.0
2262,0.0
2263,5.0
3026,0.0
2264,4.0
2265,3.0
2266,3.0
2267,2.0
2268,5.0
2269,3.0
2270,3.0
2271,2.0
2272,0.0
2273,1.0
2274,3.0
2275,5.0
2276,3.0
2277,4.0
2278,4.0
2279,2.0
2280,3.0
2281,1.0
2282,2.0
2283,3.0
2284,2.0
2285,2.0
2286,4.0
2287,1.0
2288,1.0
2289,3.0
2290,1.0
2291,1.0
2292,3.0
2293,2.0
2294,2.0
2295,0.0
2296,3.0
2297,2.0
2298,2.0
2299,2.0
2300,3.0
2301,3.0
2302,1.0
2303,2.0
2304,4.0
2305,2.0
2306,0.0
2307,4.0
2308,2.0
2309,1.0
2310,3.0
2311,3.0
2312,4.0
2313,1.0
2314,1.0
2315,3.0
2316,1.0
2317,0.0
2318,3.0
2319,3.0
2320,4.0
2321,2.0
2322,2.0
2323,2.0
2324,2.0
2325,2.0
2326,1.0
2327,5.0
2328,3.0
2329,2.0
2330,2.0
2331,3.0
2332,2.0
2333,2.0
2334,1.0
2335,4.0
2336,2.0
2337,2.0
2338,3.0
2339,1.0
2340,1.0
2341,0.0
2342,1.0
2343,0.0
2344,1.0
2345,2.0
2346,1.0
2347,3.0
2348,4.0
2349,4.0
2350,3.0
2351,0.0
2352,1.0
2353,2.0
2354,2.0
2355,5.0
2356,4.0
2357,3.0
2358,1.0
2359,3.0
2360,1.0
2361,2.0
2362,4.0
2363,3.0
2364,2.0
2365,4.0
2366,4.0
2367,5.0
2368,2.0
2369,3.0
2370,2.0
2371,1.0
2372,1.0
2373,3.0
3027,2.0
2374,2.0
2375,4.0
2376,2.0
2377,2.0
2378,3.0
2379,2.0
2380,5.0
2381,1.0
2382,1.0
2383,2.0
2384,1.0
2385,2.0
2386,2.0
2387,1.0
2388,4.0
2389,2.0
2390,3.0
2391,4.0
2392,1.0
2393,2.0
2394,1.0
2395,2.0
2396,2.0
2397,1.0
2398,2.0
2399,1.0
2400,1.0
2401,1.0
2402,0.0
2403,1.0
2404,2.0
2405,2.0
2406,2.0
2407,3.0
2408,1.0
2409,4.0
2410,1.0
2411,3.0
2412,1.0
2413,2.0
2414,1.0
2415,3.0
2416,2.0
2417,2.0
2418,3.0
2419,3.0
2420,1.0
2421,3.0
3028,0.0
2422,3.0
2423,4.0
2424,5.0
2425,5.0
2426,2.0
2427,1.0
2428,3.0
2429,4.0
2430,1.0
3029,0.0
2431,1.0
2432,0.0
2433,4.0
2434,5.0
2435,4.0
2436,2.0
2437,5.0
2438,2.0
2439,1.0
2440,3.0
2441,3.0
2442,1.0
2443,1.0
2444,3.0
2445,2.0
2446,0.0
2447,1.0
2448,1.0
2449,1.0
2450,2.0
2451,2.0
2452,3.0
2453,5.0
2454,1.0
2455,1.0
2456,1.0
2457,1.0
3030,0.0
2458,4.0
2459,2.0
2460,1.0
2461,1.0
2462,2.0
2463,2.0
2464,3.0
2465,0.0
2466,2.0
2467,3.0
2468,2.0
2469,5.0
2470,1.0
2471,2.0
2472,2.0
2473,2.0
2474,2.0
2475,2.0
2476,1.0
2477,3.0
2478,0.0
2479,1.0
2480,1.0
2481,6.0
2482,3.0
2483,4.0
2484,2.0
2485,2.0
2486,4.0
2487,2.0
2488,4.0
2489,2.0
2490,2.0
2491,1.0
2492,1.0
2493,3.0
2494,4.0
2495,3.0
2496,1.0
2497,2.0
2498,3.0
2499,2.0
2500,1.0
2501,1.0
2502,1.0
2503,1.0
2504,3.0
2505,1.0
2506,1.0
2507,6.0
2508,2.0
2509,3.0
3031,0.0
2510,3.0
2511,1.0
2512,2.0
2513,1.0
2514,3.0
2515,1.0
2516,3.0
2517,1.0
2518,0.0
2519,2.0
2520,1.0
2521,1.0
2522,1.0
2523,3.0
2524,1.0
2525,4.0
2526,2.0
2527,0.0
2528,5.0
2529,4.0
2530,0.0
2531,4.0
2532,2.0
2533,1.0
2534,1.0
2535,3.0
2536,4.0
2537,2.0
2538,2.0
2539,1.0
2540,4.0
2541,2.0
2542,2.0
2543,0.0
2544,3.0
2545,1.0
2546,1.0
2547,2.0
2548,3.0
2549,3.0
2550,1.0
2551,3.0
2552,3.0
2553,1.0
2554,2.0
2555,3.0
2556,3.0
2557,7.0
2558,1.0
2559,1.0
2560,4.0
2561,1.0
2562,3.0
2563,2.0
2564,1.0
2565,0.0
2566,1.0
2567,1.0
2568,4.0
2569,1.0
2570,1.0
2571,2.0
2572,1.0
2573,1.0
2574,4.0
2575,5.0
2576,3.0
2577,3.0
2578,5.0
2579,3.0
2580,2.0
2581,3.0
2582,4.0
2583,2.0
2584,3.0
2585,3.0
2586,0.0
2587,5.0
2588,6.0
2589,1.0
2590,6.0
2591,4.0
2592,2.0
2593,2.0
2594,2.0
2595,1.0
2596,1.0
2597,0.0
2598,5.0
2599,1.0
2600,1.0
2601,3.0
2602,3.0
2603,3.0
2604,4.0
2605,4.0
2606,2.0
2607,3.0
2608,2.0
2609,4.0
2610,1.0
2611,1.0
2612,3.0
2613,1.0
2614,1.0
2615,3.0
2616,4.0
2617,2.0
2618,1.0
2619,2.0
2620,2.0
2621,3.0
2622,1.0
2623,4.0
2624,4.0
2625,3.0
2626,1.0
2627,2.0
2628,2.0
2629,2.0
2630,2.0
2631,5.0
2632,1.0
2633,1.0
2634,3.0
2635,1.0
2636,1.0
2637,5.0
2638,2.0
2639,2.0
2640,1.0
2641,0.0
2642,2.0
2643,2.0
2644,5.0
2645,4.0
2646,1.0
2647,5.0
2648,2.0
2649,2.0
2650,2.0
2651,2.0
2652,5.0
2653,5.0
2654,4.0
2655,5.0
2656,1.0
2657,1.0
2658,4.0
2659,1.0
2660,1.0
2661,5.0
2662,2.0
2663,3.0
2664,3.0
2665,4.0
2666,1.0
2667,1.0
2668,3.0
2669,2.0
2670,2.0
2671,2.0
2672,1.0
2673,2.0
2674,2.0
2675,5.0
2676,2.0
2677,1.0
2678,3.0
2679,2.0
2680,1.0
2681,3.0
2682,2.0
3032,0.0
2683,2.0
2684,3.0
2685,2.0
2686,5.0
2687,5.0
2688,5.0
2689,2.0
2690,3.0
2691,3.0
2692,1.0
2693,0.0
2694,5.0
2695,1.0
2696,2.0
2697,3.0
2698,3.0
2699,3.0
2700,1.0
2701,3.0
2702,2.0
2703,1.0
2704,2.0
2705,2.0
2706,1.0
2707,1.0
2708,3.0
2709,2.0
2710,1.0
2711,3.0
2712,1.0
2713,1.0
2714,4.0
2715,3.0
2716,1.0
2717,3.0
2718,6.0
2719,2.0
2720,1.0
2721,1.0
2722,4.0
2723,1.0
2724,2.0
2725,2.0
2726,4.0
2727,1.0
2728,2.0
2729,3.0
2730,6.0
2731,2.0
2732,1.0
2733,0.0
2734,4.0
2735,4.0
2736,5.0
2737,1.0
2738,5.0
2739,1.0
2740,3.0
2741,0.0
2742,3.0
2743,2.0
2744,4.0
2745,1.0
2746,3.0
2747,0.0
2748,4.0
2749,3.0
2750,3.0
2751,2.0
2752,3.0
2753,2.0
2754,0.0
2755,4.0
2756,4.0
2757,1.0
3033,0.0
2758,5.0
2759,2.0
2760,2.0
2761,1.0
2762,1.0
2763,2.0
2764,2.0
2765,1.0
2766,2.0
2767,5.0
2768,0.0
2769,1.0
2770,1.0
2771,0.0
2772,1.0
2773,0.0
2774,5.0
2775,1.0
2776,2.0
2777,4.0
2778,4.0
2779,1.0
2780,3.0
2781,3.0
2782,0.0
2783,4.0
2784,2.0
2785,3.0
2786,3.0
2787,4.0
2788,2.0
2789,1.0
2790,1.0
2791,5.0
2792,2.0
2793,0.0
2794,1.0
2795,5.0
2796,0.0
2797,1.0
2798,2.0
2799,0.0
2800,4.0
2801,5.0
2802,1.0
2803,3.0
3034,0.0
2804,0.0
2805,3.0
2806,1.0
2807,2.0
2808,1.0
2809,1.0
2810,2.0
2811,1.0
2812,3.0
2813,2.0
2814,2.0
2815,2.0
2816,2.0
2817,2.0
2818,1.0
2819,1.0
2820,3.0
2821,1.0
2822,2.0
2823,4.0
2824,1.0
2825,3.0
2826,3.0
2827,3.0
2828,1.0
2829,1.0
2830,1.0
3035,0.0
2831,1.0
2832,2.0
2833,0.0
3036,0.0
2834,2.0
2835,1.0
2836,3.0
2837,4.0
2838,5.0
2839,2.0
2840,4.0
2841,3.0
2842,0.0
2843,2.0
2844,4.0
2845,3.0
3037,0.0
2846,0.0
2847,1.0
2848,6.0
2849,4.0
2850,2.0
2851,2.0
2852,4.0
2853,2.0
2854,1.0
2855,1.0
2856,3.0
2857,1.0
2858,1.0
2859,1.0
2860,4.0
2861,1.0
2862,0.0
2863,3.0
2864,1.0
2865,3.0
2866,6.0
2867,3.0
2868,4.0
2869,2.0
2870,0.0
2871,1.0
2872,5.0
2873,1.0
2874,2.0
2875,3.0
2876,3.0
2877,3.0
2878,2.0
2879,3.0
2880,2.0
2881,0.0
2882,1.0
2883,2.0
2884,1.0
2885,1.0
2886,3.0
2887,4.0
2888,2.0
2889,1.0
2890,3.0
2891,2.0
2892,3.0
2893,1.0
2894,3.0
2895,1.0
2896,4.0
2897,2.0
2898,1.0
2899,4.0
2900,4.0
2901,2.0
2902,2.0
2903,3.0
2904,2.0
2905,1.0
2906,2.0
2907,2.0
2908,2.0
2909,1.0
2910,1.0
2911,3.0
2912,1.0
2913,0.0
2914,3.0
2915,1.0
2916,4.0
2917,2.0
2918,4.0
2919,1.0
2920,4.0
2921,3.0
2922,2.0
2923,3.0
2924,2.0
2925,3.0
2926,3.0
2927,2.0
2928,0.0
2929,1.0
2930,2.0
2931,2.0
2932,3.0
2933,2.0
2934,3.0
2935,3.0
2936,3.0
2937,4.0
2938,3.0
2939,3.0
2940,1.0
2941,2.0
2942,0.0
2943,2.0
2944,1.0
2945,2.0
2946,2.0
2947,1.0
2948,2.0
2949,1.0
2950,3.0
2951,2.0
3038,0.0
2952,3.0
2953,2.0
2954,3.0
2955,3.0
2956,0.0
2957,3.0
2958,1.0
2959,6.0
2960,4.0
2961,4.0
2962,0.0
2963,2.0
2964,5.0
2965,2.0
2966,2.0
2967,4.0
2968,4.0
2969,3.0
2970,4.0
2971,1.0
2972,7.0
2973,4.0
2974,1.0
2975,2.0
2976,1.0
2977,0.0
2978,1.0
2979,4.0
2980,3.0
2981,1.0
2982,1.0
2983,3.0
2984,3.0
2985,2.0
2986,2.0
